Team,ICSId,Provider
FC Augsburg,133652,TheSportsDB
Union Berlin,134690,TheSportsDB
Werder Bremen,133662,TheSportsDB
Borussia Dortmund,133650,TheSportsDB
Eintracht Frankfurt,133814,TheSportsDB
SC Freiburg,133653,TheSportsDB
Hamburger SV,155605,TheSportsDB
1. FC Heidenheim,134696,TheSportsDB
TSG Hoffenheim,133657,TheSportsDB
1. FC Köln,133654,TheSportsDB
RB Leipzig,134695,TheSportsDB
Bayer Leverkusen,133666,TheSportsDB
Mainz 05,133665,TheSportsDB
Borussia Mönchengladbach,134779,TheSportsDB
Bayern Munich,133664,TheSportsDB
FC St. Pauli,133813,TheSportsDB
VfB Stuttgart,133660,TheSportsDB
VfL Wolfsburg,133655,TheSportsDB
Arminia Bielefeld,133852,TheSportsDB
VfL Bochum,133839,TheSportsDB
Darmstadt 98,134693,TheSportsDB
Dynamo Dresden,135655,TheSportsDB
Eintracht Braunschweig,134302,TheSportsDB
Fortuna Düsseldorf,133935,TheSportsDB
Greuther Fürth,134099,TheSportsDB
Hannover 96,133656,TheSportsDB
Hertha BSC,133658,TheSportsDB
Holstein Kiel,136027,TheSportsDB
Kaiserslautern,133663,TheSportsDB
Karlsruher SC,135293,TheSportsDB
1. FC Magdeburg,136194,TheSportsDB
1. FC Nürnberg,133659,TheSportsDB
SC Paderborn,134551,TheSportsDB
Preußen Münster,137965,TheSportsDB
Schalke 04,133661,TheSportsDB
SV Elversberg,138411,TheSportsDB
1860 Munich,134242,TheSportsDB
Alemannia Aachen,134210,TheSportsDB
Erzgebirge Aue,134445,TheSportsDB
Energie Cottbus,133853,TheSportsDB
MSV Duisburg,133877,TheSportsDB
Hansa Rostock,133876,TheSportsDB
Havelse,138375,TheSportsDB
Hoffenheim II,138365,TheSportsDB
FC Ingolstadt,134694,TheSportsDB
Jahn Regensburg,136026,TheSportsDB
Waldhof Mannheim,137962,TheSportsDB
VfL Osnabrück,137115,TheSportsDB
Rot-Weiss Essen,138400,TheSportsDB
Saarbrücken,138410,TheSportsDB
Schweinfurt,138424,TheSportsDB
VfB Stuttgart II,140052,TheSportsDB
SSV Ulm,135430,TheSportsDB
Verl,138399,TheSportsDB
Viktoria Köln,137961,TheSportsDB
Wehen Wiesbaden,137111,TheSportsDB
Athletic Bilbao,133727,TheSportsDB
Atlético Madrid,133729,TheSportsDB
Barcelona,133739,TheSportsDB
Celta Vigo,133937,TheSportsDB
Deportivo Alavés,134221,TheSportsDB
Elche,134384,TheSportsDB
Espanyol,133734,TheSportsDB
Getafe,133731,TheSportsDB
Girona,134700,TheSportsDB
Levante,133732,TheSportsDB
Mallorca,133733,TheSportsDB
Osasuna,133730,TheSportsDB
Rayo Vallecano,133728,TheSportsDB
Real Betis,133722,TheSportsDB
Real Madrid,133738,TheSportsDB
Real Oviedo,135455,TheSportsDB
Real Sociedad,133724,TheSportsDB
Sevilla,133735,TheSportsDB
Valencia,133725,TheSportsDB
Villarreal,133740,TheSportsDB
Albacete,134232,TheSportsDB
Almería,133817,TheSportsDB
Burgos,138161,TheSportsDB
Cádiz,134222,TheSportsDB
Castellón,138286,TheSportsDB
Ceuta,144243,TheSportsDB
Córdoba,134627,TheSportsDB
Cultural Leonesa,135888,TheSportsDB
Deportivo de La Coruña,133816,TheSportsDB
Eibar,134626,TheSportsDB
Granada,133721,TheSportsDB
Huesca,135454,TheSportsDB
Las Palmas,134259,TheSportsDB
Leganés,134701,TheSportsDB
Málaga,133736,TheSportsDB
Mirandés,134698,TheSportsDB
Racing Santander,133726,TheSportsDB
Real Sociedad B,138160,TheSportsDB
Real Valladolid,133841,TheSportsDB
Sporting Gijón,133723,TheSportsDB
Tenerife,133840,TheSportsDB
Zaragoza,133737,TheSportsDB
Arsenal,133604,TheSportsDB
Aston Villa,133601,TheSportsDB
Bournemouth,134301,TheSportsDB
Brentford,134355,TheSportsDB
Brighton and Hove Albion,133619,TheSportsDB
Burnley,133623,TheSportsDB
Chelsea,133610,TheSportsDB
Crystal Palace,133632,TheSportsDB
Everton,133615,TheSportsDB
Fulham,133600,TheSportsDB
Leeds United,133635,TheSportsDB
Liverpool,133602,TheSportsDB
Manchester City,133613,TheSportsDB
Manchester United,133612,TheSportsDB
Newcastle United,134777,TheSportsDB
Nottingham Forest,148600,TheSportsDB
Sunderland,133603,TheSportsDB
Tottenham Hotspur,133616,TheSportsDB
West Ham United,133636,TheSportsDB
Wolverhampton Wanderers,133599,TheSportsDB
Birmingham City,133597,TheSportsDB
Blackburn Rovers,133598,TheSportsDB
Bristol City,133621,TheSportsDB
Charlton Athletic,133851,TheSportsDB
Coventry City,133625,TheSportsDB
Derby County,133627,TheSportsDB
Hull City,133617,TheSportsDB
Ipswich Town,133622,TheSportsDB
Leicester City,133626,TheSportsDB
Middlesbrough,133628,TheSportsDB
Millwall,133634,TheSportsDB
Norwich City,133608,TheSportsDB
Oxford United,134361,TheSportsDB
Portsmouth,133629,TheSportsDB
Preston North End,133809,TheSportsDB
Queens Park Rangers,133605,TheSportsDB
Sheffield United,133811,TheSportsDB
Sheffield Wednesday,133837,TheSportsDB
Southampton,134778,TheSportsDB
Stoke City,133609,TheSportsDB
Swansea City,133614,TheSportsDB
Watford,133624,TheSportsDB
West Bromwich Albion,133611,TheSportsDB
Wrexham,134775,TheSportsDB
Angers,134709,TheSportsDB
Auxerre,134788,TheSportsDB
Brest,133704,TheSportsDB
Le Havre,133862,TheSportsDB
Lens,133822,TheSportsDB
Lille,151561,TheSportsDB
Lorient,133715,TheSportsDB
Lyon,133713,TheSportsDB
Marseille,133707,TheSportsDB
Metz,133883,TheSportsDB
Monaco,133823,TheSportsDB
Nantes,133861,TheSportsDB
Nice,133712,TheSportsDB
Paris FC,135465,TheSportsDB
Paris Saint-Germain,133714,TheSportsDB
Rennes,133719,TheSportsDB
Strasbourg,133882,TheSportsDB
Toulouse,133703,TheSportsDB
Amiens,135658,TheSportsDB
Annecy,139928,TheSportsDB
Bastia,133933,TheSportsDB
Boulogne,133849,TheSportsDB
Clermont Foot,134713,TheSportsDB
Dunkerque,138821,TheSportsDB
Grenoble,133847,TheSportsDB
Guingamp,134244,TheSportsDB
Laval,134708,TheSportsDB
Le Mans,133848,TheSportsDB
Montpellier,133709,TheSportsDB
Nancy,133710,TheSportsDB
Pau,138309,TheSportsDB
Red Star,135467,TheSportsDB
Reims,144106,TheSportsDB
Rodez,137652,TheSportsDB
Saint-Étienne,133717,TheSportsDB
Troyes,134789,TheSportsDB
AC Milan,133667,TheSportsDB
Atalanta,134782,TheSportsDB
Bologna,134781,TheSportsDB
Cagliari,134783,TheSportsDB
Como,134243,TheSportsDB
Cremonese,134224,TheSportsDB
Fiorentina,133674,TheSportsDB
Genoa,133675,TheSportsDB
Hellas Verona,134784,TheSportsDB
Inter Milan,133681,TheSportsDB
Juventus,133676,TheSportsDB
Lazio,133668,TheSportsDB
Lecce,133678,TheSportsDB
Napoli,133670,TheSportsDB
Parma,135728,TheSportsDB
Pisa,133859,TheSportsDB
Roma,133682,TheSportsDB
Sassuolo,133701,TheSportsDB
Torino,133687,TheSportsDB
Udinese,133679,TheSportsDB
Avellino,133858,TheSportsDB
Bari,133688,TheSportsDB
Carrarese,134666,TheSportsDB
Catanzaro,134223,TheSportsDB
Cesena,133669,TheSportsDB
Empoli,133695,TheSportsDB
Frosinone,133818,TheSportsDB
Juve Stabia,133696,TheSportsDB
Mantova,133845,TheSportsDB
Modena,133700,TheSportsDB
Monza,134270,TheSportsDB
Padova,135950,TheSportsDB
Palermo,138166,TheSportsDB
Pescara,133685,TheSportsDB
Reggiana,137121,TheSportsDB
Sampdoria,133683,TheSportsDB
Spezia,133879,TheSportsDB
Südtirol,134654,TheSportsDB
Venezia,134234,TheSportsDB
Virtus Entella,134633,TheSportsDB
